,List-CVAE,ImplicitALS
mean_average_precision_at_k,0.10118877869510642,0.0689653560429147
normalized_discounted_cumulative_gain_at_k,0.16668947694153616,0.1273802251968603
precision_at_k,0.15507158087115444,0.12866280840694486
recall_at_k,0.17302202283849918,0.14355628058727568
